ID,cos_sim_list,cluster_galya_ids,cluster_tanya_ids,cluster_nastya_ids,c_num_galya,c_num_tanya,c_num_nastya,c_cut_median,c_cut_mean,c_cut_p25,c_cut_mean_local,c_sharp_1.05,c_sharp_1.005,c_sharp_1.00001,c_sharp_0.95,c_sharp_0.8,c_sharp_0.5,possible_splits,cluster_galya_ids_binary,cluster_tanya_ids_binary,cluster_nastya_ids_binary,correct_cut,correct_c_num
S05,"[0.38942677, 0.55030197, 0.64486176, 0.5717586, 0.39475888, 0.7448462, 0.48309484, 0.50225645, 0.48978633, 0.72331566, 0.732485, 0.70794094, 0.56822485, 0.5087995, 0.35031283, 0.43407336, 0.41260642, 0.597011, 0.7139241, 0.6296985, 0.16176848, 0.26581433, 0.29540667, 0.71839184]","[4, 6, 7, 8, 14, 15, 16, 20, 21, 22]","[4, 5, 6, 7, 8, 14, 15, 16, 20, 21, 22, 23]","[4, 6, 7, 8, 14, 15, 16, 20, 21, 22]",10,12,10,"[0, 4, 14, 15, 16, 20, 21, 22]","[0, 4, 14, 15, 16, 20, 21, 22]","[20, 21, 22]","[0, 4, 6, 7, 8, 13, 14, 15, 16, 20, 21, 22]","[4, 6, 12, 13, 14, 20]","[4, 6, 8, 12, 13, 14, 20]","[4, 6, 8, 12, 13, 14, 20]","[0, 4, 6, 7, 8, 12, 13, 14, 16, 20]","[0, 3, 4, 6, 7, 8, 10, 11, 12, 13, 14, 15, 16, 19, 20]","[0, 1, 2, 3, 4, 5, 6, 7, 8, 9, 10, 11, 12, 13, 14, 15, 16, 17, 18, 19, 20, 21, 22]",24,[0. 0. 0. 0. 1. 0. 1. 1. 1. 0. 0. 0. 0. 0. 1. 1. 1. 0. 0. 0. 1. 1. 1. 0.],[0. 0. 0. 0. 1. 1. 1. 1. 1. 0. 0. 0. 0. 0. 1. 1. 1. 0. 0. 0. 1. 1. 1. 1.],[0. 0. 0. 0. 1. 0. 1. 1. 1. 0. 0. 0. 0. 0. 1. 1. 1. 0. 0. 0. 1. 1. 1. 0.],[ 4  6  7  8 14 15 16 20 21 22],10
S06,"[0.7448462, 0.49169788, 0.8418285, 0.42426452, 0.45469657, 0.6221977, 0.51843345, 0.5870739, 0.5341629, 0.7139241, 0.6296985, 0.74867225, 0.363218, 0.38206607, 0.59076446, 0.6097419, 0.6985594, 0.22910255, 0.29095984, 0.29720575, 0.4002759, 0.74574417, 0.50464183, 0.7385524, 0.3778322, 0.4991329, 0.74339586, 0.24255893, 0.31982496, 0.3638918, 0.5625829]","[3, 4, 6, 8, 12, 13, 14, 18, 19, 20, 23, 25, 28]","[3, 4, 6, 8, 12, 13, 15, 18, 19, 20, 23, 25, 28]","[1, 3, 4, 6, 7, 12, 13, 15, 18, 19, 20, 23, 25, 28]",13,13,14,"[3, 4, 12, 13, 17, 18, 19, 20, 24, 27, 28, 29]","[3, 4, 12, 13, 17, 18, 19, 20, 24, 27, 28, 29]","[17, 18, 19, 27, 28]","[1, 3, 4, 6, 12, 13, 17, 18, 19, 20, 22, 24, 25, 27, 28, 29]","[1, 3, 12, 17, 24, 27]","[1, 3, 12, 17, 24, 27]","[1, 3, 12, 17, 24, 27]","[0, 1, 3, 6, 8, 10, 12, 13, 17, 24, 27]","[0, 1, 3, 4, 6, 7, 8, 10, 11, 12, 13, 17, 19, 22, 24, 27]","[0, 1, 2, 3, 4, 5, 6, 7, 8, 9, 10, 11, 12, 13, 14, 15, 16, 17, 18, 19, 20, 21, 22, 23, 24, 25, 26, 27, 28, 29, 30]",31,"[0. 0. 0. 1. 1. 0. 1. 0. 1. 0. 0. 0. 1. 1. 1. 0. 0. 0. 1. 1. 1. 0. 0. 1.
 0. 1. 0. 0. 1. 0. 0.]","[0. 0. 0. 1. 1. 0. 1. 0. 1. 0. 0. 0. 1. 1. 0. 1. 0. 0. 1. 1. 1. 0. 0. 1.
 0. 1. 0. 0. 1. 0. 0.]","[0. 1. 0. 1. 1. 0. 1. 1. 0. 0. 0. 0. 1. 1. 0. 1. 0. 0. 1. 1. 1. 0. 0. 1.
 0. 1. 0. 0. 1. 0. 0.]",[ 3  4  6  8 12 13 15 18 19 20 23 25 28],13
S07,"[0.42129767, 0.7448462, 0.6096223, 0.6889942, 0.34364554, 0.5675444, 0.46157312, 0.9249728, 0.52318716, 0.7448462, 0.7448462, 0.4352078, 0.6293059]","[0, 2, 4, 8, 11]","[0, 4, 8, 11, 12]","[0, 2, 4, 8, 11]",5,5,5,"[0, 4, 6, 11]","[0, 4, 6, 11]",[4],"[0, 4, 5, 6, 8, 11]","[4, 8, 11]","[4, 8, 11]","[4, 8, 11]","[0, 2, 4, 6, 8, 11]","[0, 2, 3, 4, 6, 8, 10, 11]","[0, 1, 2, 3, 4, 5, 6, 8, 9, 10, 11, 12]",13,[1. 0. 1. 0. 1. 0. 0. 0. 1. 0. 0. 1. 0.],[1. 0. 0. 0. 1. 0. 0. 0. 1. 0. 0. 1. 1.],[1. 0. 1. 0. 1. 0. 0. 0. 1. 0. 0. 1. 0.],[ 0  2  4  8 11],5
S08,"[0.5965456, 0.3464008, 0.3071505, 0.6296985, 0.6293059, 0.17795496, 0.26135686, 0.5494952, 0.6248791, 0.3667544, 0.47792646, 0.39013743, 0.60897505, 0.3323206, 0.34261194, 0.40165007, 0.4394594, 0.67120194]","[2, 5, 6, 11, 14, 16, 17]","[2, 5, 6, 11, 14, 17]","[0, 1, 2, 5, 6, 11, 14, 16, 17]",7,6,9,"[1, 2, 5, 6, 9, 11, 13, 14, 15, 16]","[1, 2, 5, 6, 9, 11, 13, 14, 15, 16]","[1, 2, 5, 6, 13, 14]","[1, 2, 5, 6, 9, 11, 13, 14, 15, 16]","[1, 2, 5, 9, 11, 13]","[1, 2, 5, 9, 11, 13]","[1, 2, 5, 9, 11, 13]","[0, 1, 2, 5, 9, 11, 13, 14]","[0, 1, 2, 5, 9, 11, 13, 14, 15, 16]","[0, 1, 2, 4, 5, 6, 8, 9, 10, 11, 12, 13, 14, 15, 16, 17]",18,[0. 0. 1. 0. 0. 1. 1. 0. 0. 0. 0. 1. 0. 0. 1. 0. 1. 1.],[0. 0. 1. 0. 0. 1. 1. 0. 0. 0. 0. 1. 0. 0. 1. 0. 0. 1.],[1. 1. 1. 0. 0. 1. 1. 0. 0. 0. 0. 1. 0. 0. 1. 0. 1. 1.],[ 2  5  6 11 14 16 17],7
S09,"[0.74432695, 0.2432182, 0.38746977, 0.5118797, 0.67393255, 0.39754686, 0.051077187, 0.29058677, 0.45365372]","[1, 2, 6, 7]","[1, 2, 3, 6, 7]","[1, 2, 4, 6, 7]",4,5,5,"[1, 2, 5, 6, 7, 8]","[1, 2, 5, 6, 7, 8]","[1, 6, 7]","[1, 2, 5, 6, 7]","[1, 5, 6]","[1, 5, 6]","[1, 5, 6]","[0, 1, 5, 6]","[0, 1, 5, 6]","[0, 1, 2, 3, 4, 5, 6]",9,[0. 1. 1. 0. 0. 0. 1. 1. 0.],[0. 1. 1. 1. 0. 0. 1. 1. 0.],[0. 1. 1. 0. 1. 0. 1. 1. 0.],[1 2 6 7],4
S11,"[0.74867225, 0.470395, 0.5182093, 0.38307664, 0.34346262]","[1, 4]","[0, 1, 4]","[1, 4]",2,3,2,"[3, 4]","[1, 3, 4]",[4],"[1, 3, 4]","[1, 3, 4]","[1, 3, 4]","[1, 3, 4]","[0, 1, 3, 4]","[0, 1, 2, 3, 4]","[0, 1, 2, 3, 4]",5,[0. 1. 0. 0. 1.],[1. 1. 0. 0. 1.],[0. 1. 0. 0. 1.],[1 4],2
S12,"[0.6293059, 0.40366542, 0.18408848, 0.2389733, 0.5717586, 0.45993972, 0.74432695, 0.47259393, 0.7448462, 0.65597975, 0.634931, 0.31348467, 0.2790946, 0.2803926, 0.5699559, 0.5019174, 0.45563328, 0.56147027, 0.67231566, 0.35607162, 0.5235486, 0.6373847, 0.21876444, 0.23157167, 0.856151]","[1, 7, 12, 13, 14, 15, 16, 20, 22, 23]","[1, 5, 7, 9, 13, 16, 20, 22, 23]","[1, 5, 7, 9, 12, 13, 14, 15, 16, 20, 22, 23]",10,9,12,"[1, 2, 3, 5, 11, 12, 13, 16, 19, 22, 23]","[1, 2, 3, 5, 7, 11, 12, 13, 16, 19, 22, 23]","[2, 3, 11, 12, 13, 22, 23]","[1, 2, 3, 5, 7, 11, 12, 13, 16, 19, 22, 23]","[1, 2, 11, 12, 19, 22]","[1, 2, 11, 12, 19, 22]","[1, 2, 11, 12, 19, 22]","[0, 1, 2, 11, 12, 13, 16, 19, 22]","[0, 1, 2, 7, 9, 10, 11, 12, 13, 15, 16, 17, 18, 19, 22, 23]","[0, 1, 2, 3, 5, 6, 7, 8, 9, 10, 11, 12, 13, 15, 16, 17, 18, 19, 20, 21, 22, 23]",25,"[0. 1. 0. 0. 0. 0. 0. 1. 0. 0. 0. 0. 1. 1. 1. 1. 1. 0. 0. 0. 1. 0. 1. 1.
 0.]","[0. 1. 0. 0. 0. 1. 0. 1. 0. 1. 0. 0. 0. 1. 0. 0. 1. 0. 0. 0. 1. 0. 1. 1.
 0.]","[0. 1. 0. 0. 0. 1. 0. 1. 0. 1. 0. 0. 1. 1. 1. 1. 1. 0. 0. 0. 1. 0. 1. 1.
 0.]",[ 1  5  7  9 12 13 14 15 16 20 22 23],12
S13,"[0.7448462, 0.32538426, 0.47910735, 0.6293059, 0.50473505, 0.36063194, 0.29690623, 0.43162057, 0.26457232, 0.35031283, 0.47800758, 0.62045306, 0.5404079, 0.2950243, 0.49995467, 0.4236441, 0.3281815, 0.405562, 0.8418285, 0.6214146, 0.32896242, 0.37277862, 0.6145538]","[1, 2, 4, 5, 6, 8, 9, 13, 16, 17, 20, 21]","[1, 2, 5, 6, 8, 10, 11, 12, 13, 16, 17, 20, 21, 22]","[1, 2, 4, 5, 6, 8, 10, 13, 16, 17, 20, 21]",12,14,12,"[1, 5, 6, 7, 8, 9, 13, 15, 16, 17, 20, 21]","[1, 5, 6, 7, 8, 9, 13, 15, 16, 17, 20, 21]","[1, 6, 8, 13, 16, 20]","[1, 5, 6, 7, 8, 9, 13, 15, 16, 17, 20, 21]","[1, 5, 6, 8, 13, 16, 20]","[1, 5, 6, 8, 13, 16, 20]","[1, 5, 6, 8, 13, 16, 20]","[0, 1, 5, 6, 8, 13, 16, 20]","[0, 1, 4, 5, 6, 8, 13, 15, 16, 17, 19, 20, 21]","[0, 1, 2, 3, 4, 5, 6, 7, 8, 9, 10, 11, 12, 13, 14, 15, 16, 17, 19, 20, 21, 22]",23,[0. 1. 1. 0. 1. 1. 1. 0. 1. 1. 0. 0. 0. 1. 0. 0. 1. 1. 0. 0. 1. 1. 0.],[0. 1. 1. 0. 0. 1. 1. 0. 1. 0. 1. 1. 1. 1. 0. 0. 1. 1. 0. 0. 1. 1. 1.],[0. 1. 1. 0. 1. 1. 1. 0. 1. 0. 1. 0. 0. 1. 0. 0. 1. 1. 0. 0. 1. 1. 0.],[ 1  2  4  5  6  8 10 13 16 17 20 21],12
S14,"[0.14587934, 0.3912735, 0.62045306, 0.64067173, 0.34500977, 0.31446916, 0.6248791]","[0, 1]","[0, 1, 2, 3, 4, 5]","[0, 1, 4, 5]",2,6,4,"[0, 1, 4, 5]","[0, 1, 4, 5]","[0, 4, 5]","[0, 1, 4, 5]","[4, 5]","[4, 5]","[4, 5]","[0, 4, 5]","[0, 4, 5]","[0, 3, 4, 5, 6]",7,[1. 1. 0. 0. 0. 0. 0.],[1. 1. 1. 1. 1. 1. 0.],[1. 1. 0. 0. 1. 1. 0.],[0 1 4 5],4
S15,"[0.44173512, 0.26734787, 0.46638277, 0.25041294, 0.19432765, 0.31619945, 0.45820695, 0.74432695, 0.4934671, 0.7448462, 0.53161085, 0.46304792, 0.40163684, 0.5645897, 0.47600597, 0.2639535, 0.29936028, 0.73780495, 0.39268908, 0.456698, 0.40867504, 0.2677994, 0.35740867]","[5, 6, 8, 10, 11, 15]","[5, 6, 8, 10, 11, 15, 18]","[0, 5, 6, 8, 10, 11, 18, 20]",6,7,8,"[0, 1, 3, 4, 5, 6, 11, 12, 15, 16, 18, 19, 20, 21, 22]","[0, 1, 2, 3, 4, 5, 6, 11, 12, 15, 16, 18, 19, 20, 21, 22]","[1, 3, 4, 5, 15, 16, 21]","[1, 3, 4, 5, 12, 15, 16, 18, 20, 21, 22]","[1, 3, 4, 11, 12, 15, 18, 21]","[1, 3, 4, 11, 12, 14, 15, 18, 20, 21]","[1, 3, 4, 11, 12, 14, 15, 18, 20, 21]","[0, 1, 3, 4, 11, 12, 14, 15, 18, 20, 21]","[0, 1, 3, 4, 8, 10, 11, 12, 14, 15, 16, 18, 19, 20, 21]","[0, 1, 2, 3, 4, 5, 6, 7, 8, 9, 10, 11, 12, 13, 14, 15, 16, 18, 19, 20, 21, 22]",23,[0. 0. 0. 0. 0. 1. 1. 0. 1. 0. 1. 1. 0. 0. 0. 1. 0. 0. 0. 0. 0. 0. 0.],[0. 0. 0. 0. 0. 1. 1. 0. 1. 0. 1. 1. 0. 0. 0. 1. 0. 0. 1. 0. 0. 0. 0.],[1. 0. 0. 0. 0. 1. 1. 0. 1. 0. 1. 1. 0. 0. 0. 0. 0. 0. 1. 0. 1. 0. 0.],[ 5  6  8 10 11 15 18],7
S16,"[0.45993972, 0.5863361, 0.5226121, 0.4494797, 0.2831853, 0.2448747, 0.3291716, 0.67393255, 0.23358162, 0.65414184, 0.60897505, 0.85230577, 0.45135593, 0.13984175, 0.64486176, 0.4008725, 0.29132378, 0.65619105, 0.44651696, 0.6538083, 0.4183519]","[1, 2, 4, 5, 6, 8, 13, 15, 18]","[0, 1, 2, 4, 5, 6, 8, 13, 14, 15, 18]","[1, 2, 4, 5, 6, 8, 12, 13, 15, 18]",9,11,10,"[0, 3, 4, 5, 6, 8, 12, 13, 15, 16, 18, 20]","[0, 3, 4, 5, 6, 8, 12, 13, 15, 16, 18, 20]","[4, 5, 6, 8, 13, 16]","[0, 3, 4, 5, 6, 8, 12, 13, 15, 16, 18, 20]","[3, 4, 5, 8, 12, 13, 16, 18, 20]","[3, 4, 5, 8, 12, 13, 16, 18, 20]","[3, 4, 5, 8, 12, 13, 16, 18, 20]","[0, 2, 3, 4, 5, 8, 12, 13, 15, 16, 18, 20]","[0, 2, 3, 4, 5, 8, 12, 13, 15, 16, 18, 20]","[0, 1, 2, 3, 4, 5, 6, 8, 10, 11, 12, 13, 15, 16, 18, 19, 20]",21,[0. 1. 1. 0. 1. 1. 1. 0. 1. 0. 0. 0. 0. 1. 0. 1. 0. 0. 1. 0. 0.],[1. 1. 1. 0. 1. 1. 1. 0. 1. 0. 0. 0. 0. 1. 1. 1. 0. 0. 1. 0. 0.],[0. 1. 1. 0. 1. 1. 1. 0. 1. 0. 0. 0. 1. 1. 0. 1. 0. 0. 1. 0. 0.],[ 1  2  4  5  6  8 13 15 18],9
S17,"[0.7448462, 0.33896166, 0.53583866, 0.49810928, 0.4352969, 0.5577437, 0.38279456, 0.35012725, 0.23157167, 0.3663564, 0.21905829, 0.6004728]","[1, 2, 3, 4, 6, 8, 10]","[1, 2, 3, 4, 5, 6, 7, 8, 9, 10, 11]","[1, 2, 3, 4, 6, 7, 8, 10]",7,11,8,"[1, 4, 6, 7, 8, 9, 10]","[1, 4, 6, 7, 8, 9, 10]","[1, 8, 10]","[1, 4, 6, 7, 8, 9, 10]","[1, 4, 6, 7, 8, 10]","[1, 4, 6, 7, 8, 10]","[1, 4, 6, 7, 8, 10]","[0, 1, 4, 6, 7, 8, 10]","[0, 1, 3, 4, 6, 7, 8, 10]","[0, 1, 2, 3, 4, 5, 6, 7, 8, 9, 10]",12,[0. 1. 1. 1. 1. 0. 1. 0. 1. 0. 1. 0.],[0. 1. 1. 1. 1. 1. 1. 1. 1. 1. 1. 1.],[0. 1. 1. 1. 1. 0. 1. 1. 1. 0. 1. 0.],[ 1  2  3  4  6  7  8 10],8
S18,"[0.34746757, 0.21115436, 0.36542448, 0.5464319, 0.27214393, 0.7448462, 0.2635956, 0.27625114, 0.44814816, 0.6576772, 0.30344194, 0.58908, 0.7535292, 0.4189666, 0.4002759, 0.4494797, 0.5001133, 0.38705853]","[0, 1, 2, 4, 8, 10, 13]","[0, 1, 2, 4, 8, 10, 11, 13, 16, 17]","[0, 1, 2, 4, 7, 8, 10, 13, 16]",7,10,9,"[0, 1, 2, 4, 6, 7, 8, 10, 13, 14, 15, 17]","[0, 1, 2, 4, 6, 7, 8, 10, 13, 14, 15, 17]","[1, 4, 6, 7, 10]","[0, 1, 2, 4, 6, 7, 10, 13, 14, 17]","[1, 4, 6, 10, 13, 17]","[1, 4, 6, 10, 13, 14, 17]","[1, 4, 6, 10, 13, 14, 17]","[0, 1, 4, 6, 7, 10, 13, 14, 17]","[0, 1, 4, 6, 7, 10, 13, 14, 15, 16, 17]","[0, 1, 2, 3, 4, 6, 7, 8, 9, 10, 11, 12, 13, 14, 15, 16, 17]",18,[1. 1. 1. 0. 1. 0. 0. 0. 1. 0. 1. 0. 0. 1. 0. 0. 0. 0.],[1. 1. 1. 0. 1. 0. 0. 0. 1. 0. 1. 1. 0. 1. 0. 0. 1. 1.],[1. 1. 1. 0. 1. 0. 0. 1. 1. 0. 1. 0. 0. 1. 0. 0. 1. 0.],[ 0  1  2  4  8 10 13 16],8
S19,"[0.23241954, 0.5645647, 0.31910115, 0.70400465, 0.36616305, -0.00873755, -0.073661014, 0.4582025, 0.8671284, 0.67393255, 0.4084009, 0.45808905, 0.20893535, 0.74867225, 0.5951323, 0.8036469, 0.7187464, 0.53858525, 0.3892643]","[0, 2, 4, 5, 7, 10, 11, 17, 18]","[0, 2, 4, 5, 7, 10, 11, 12, 17, 18]","[0, 2, 4, 5, 7, 10, 11, 13, 17, 18]",9,10,10,"[0, 2, 4, 5, 6, 7, 10, 11, 12, 18]","[0, 2, 4, 5, 6, 7, 10, 11, 12, 18]","[0, 2, 5, 6, 12]","[0, 2, 4, 5, 6, 7, 10, 11, 12, 18]","[2, 4, 5, 6, 10, 12, 17, 18]","[2, 4, 5, 6, 10, 12, 17, 18]","[2, 4, 5, 6, 10, 12, 17, 18]","[0, 2, 4, 5, 6, 10, 12, 17, 18]","[0, 2, 4, 5, 6, 10, 11, 12, 14, 16, 17, 18]","[0, 2, 4, 5, 6, 9, 10, 11, 12, 14, 15, 16, 17, 18]",19,[1. 0. 1. 0. 1. 1. 0. 1. 0. 0. 1. 1. 0. 0. 0. 0. 0. 1. 1.],[1. 0. 1. 0. 1. 1. 0. 1. 0. 0. 1. 1. 1. 0. 0. 0. 0. 1. 1.],[1. 0. 1. 0. 1. 1. 0. 1. 0. 0. 1. 1. 0. 1. 0. 0. 0. 1. 1.],[ 0  2  4  5  7 10 11 17 18],9
S20,"[0.37122154, 0.5708196, 0.22354767, 0.2191213, 0.40269196, 0.35608038, 0.20893535, 0.62559175, 0.42730996, 0.29971737, 0.19626771, 0.27128634, 0.3606364, 0.22977972, 0.21668287, 0.40221724, 0.3912735, 0.7448462]","[0, 2, 3, 5, 7, 8, 9, 10, 11, 14, 16]","[0, 2, 3, 4, 5, 6, 7, 8, 9, 10, 11, 14, 15, 16]","[0, 1, 2, 3, 5, 7, 8, 9, 10, 11, 13, 14, 16]",11,14,13,"[0, 2, 3, 4, 5, 6, 8, 9, 10, 11, 12, 13, 14, 15, 16]","[0, 2, 3, 4, 5, 6, 8, 9, 10, 11, 12, 13, 14, 15, 16]","[2, 3, 6, 9, 10, 11, 13, 14]","[2, 3, 5, 6, 9, 10, 11, 12, 13, 14]","[2, 6, 9, 10, 13, 14]","[2, 3, 6, 9, 10, 13, 14]","[2, 3, 6, 9, 10, 13, 14]","[0, 2, 3, 6, 8, 9, 10, 13, 14]","[0, 2, 3, 5, 6, 8, 9, 10, 13, 14]","[0, 1, 2, 3, 4, 5, 6, 8, 9, 10, 11, 12, 13, 14, 15, 16, 17]",18,[1. 0. 1. 1. 0. 1. 0. 1. 1. 1. 1. 1. 0. 0. 1. 0. 1. 0.],[1. 0. 1. 1. 1. 1. 1. 1. 1. 1. 1. 1. 0. 0. 1. 1. 1. 0.],[1. 1. 1. 1. 0. 1. 0. 1. 1. 1. 1. 1. 0. 1. 1. 0. 1. 0.],[ 0  2  3  5  7  8  9 10 11 14 16],11
H01,"[0.39485705, 0.10930569, 0.4069985, 0.41773617, 0.5182093, 0.2432182, 0.21737002, 0.35156658, 0.26265752, 0.55132884, 0.27301612, 0.4146739, 0.32637653, 0.5087447, 0.67393255, 0.3912735, 0.38464946, 0.14243007, 0.41435117]","[0, 1, 2, 3, 5, 6, 7, 8, 11, 12, 13, 15, 16, 17, 18]","[0, 1, 2, 3, 5, 6, 7, 8, 9, 10, 11, 12, 13, 15, 16, 17, 18]","[0, 1, 2, 3, 5, 6, 7, 8, 10, 11, 12, 13, 15, 16, 17, 18]",15,17,16,"[0, 1, 2, 3, 5, 6, 7, 8, 10, 11, 12, 15, 16, 17, 18]","[0, 1, 2, 3, 5, 6, 7, 8, 10, 11, 12, 15, 16, 17, 18]","[1, 5, 6, 8, 10, 12, 17]","[1, 5, 6, 7, 8, 10, 12, 17]","[1, 5, 6, 8, 10, 12, 15, 17]","[1, 5, 6, 8, 10, 12, 15, 16, 17]","[1, 5, 6, 8, 10, 12, 15, 16, 17]","[0, 1, 5, 6, 8, 10, 12, 15, 16, 17]","[0, 1, 5, 6, 8, 10, 12, 15, 16, 17]","[0, 1, 3, 4, 5, 6, 7, 8, 10, 11, 12, 13, 14, 15, 16, 17]",19,[1. 1. 1. 1. 0. 1. 1. 1. 1. 0. 0. 1. 1. 1. 0. 1. 1. 1. 1.],[1. 1. 1. 1. 0. 1. 1. 1. 1. 1. 1. 1. 1. 1. 0. 1. 1. 1. 1.],[1. 1. 1. 1. 0. 1. 1. 1. 1. 0. 1. 1. 1. 1. 0. 1. 1. 1. 1.],[ 0  1  2  3  5  6  7  8 10 11 12 13 15 16 17 18],16
H02,"[0.7448462, 0.39475888, 0.55805653, 0.4079753, 0.4499759, 0.74432695, 0.2916388, 0.42864388, 0.4940977, 0.6431072, 0.597011, 0.7139241, 0.64008325, 0.45110524, 0.6084297, 0.23366581, 0.40163684, 0.5100674, 0.56705475, 0.6786731, 0.471673, 0.3164428, 0.11281191, 0.25215918, 0.677514]","[1, 6, 7, 8, 12, 15, 21, 23]","[1, 2, 3, 4, 6, 7, 8, 13, 15, 21, 23]","[1, 2, 3, 4, 6, 7, 8, 9, 11, 13, 15, 21, 23]",8,11,13,"[1, 3, 4, 6, 7, 13, 15, 16, 21, 22, 23]","[1, 3, 4, 6, 7, 13, 15, 16, 20, 21, 22, 23]","[6, 15, 21, 22, 23]","[1, 3, 4, 6, 7, 8, 13, 15, 16, 20, 21, 22, 23]","[1, 3, 6, 13, 15, 21, 22]","[1, 3, 6, 13, 15, 20, 21, 22]","[1, 3, 6, 13, 15, 20, 21, 22]","[0, 1, 3, 6, 13, 15, 20, 21, 22]","[0, 1, 3, 4, 6, 12, 13, 15, 20, 21, 22]","[0, 1, 2, 3, 4, 5, 6, 7, 8, 9, 10, 11, 12, 13, 14, 15, 16, 17, 18, 19, 20, 21, 22]",25,"[0. 1. 0. 0. 0. 0. 1. 1. 1. 0. 0. 0. 1. 0. 0. 1. 0. 0. 0. 0. 0. 1. 0. 1.
 0.]","[0. 1. 1. 1. 1. 0. 1. 1. 1. 0. 0. 0. 0. 1. 0. 1. 0. 0. 0. 0. 0. 1. 0. 1.
 0.]","[0. 1. 1. 1. 1. 0. 1. 1. 1. 1. 0. 1. 0. 1. 0. 1. 0. 0. 0. 0. 0. 1. 0. 1.
 0.]",[ 1  2  3  4  6  7  8 13 15 21 23],11
H03,"[0.7448462, 0.34326315, 0.16111512, 0.3521593, 0.3838757, 0.60238343, 0.43279296, 0.3793455, 0.35315117, 0.79107463, 0.40557575, 0.364152, 0.23520523, 0.4215311, 0.47033137, 0.6376933, 0.41729617, 0.2741007, 0.38202223, 0.2867242, 0.60238343, 0.51429474, 0.36271194, 0.43567774, 0.63167983, 0.48742595, 0.39455527]","[2, 8, 12, 13, 14, 16, 19, 21, 24, 25]","[1, 2, 3, 4, 5, 6, 8, 12, 13, 14, 16, 19, 21, 24, 25]","[1, 2, 3, 4, 7, 8, 10, 12, 13, 14, 16, 19, 21, 24, 25]",10,15,15,"[1, 2, 3, 4, 6, 7, 8, 10, 11, 12, 13, 16, 17, 18, 19, 22, 23, 26]","[1, 2, 3, 4, 6, 7, 8, 10, 11, 12, 13, 14, 16, 17, 18, 19, 22, 23, 26]","[1, 2, 12, 17, 19]","[1, 2, 3, 4, 6, 7, 8, 10, 11, 12, 13, 16, 17, 18, 19, 22, 23, 26]","[1, 2, 8, 10, 11, 12, 16, 17, 19, 22, 26]","[1, 2, 7, 8, 10, 11, 12, 16, 17, 19, 22, 26]","[1, 2, 7, 8, 10, 11, 12, 16, 17, 19, 22, 26]","[0, 1, 2, 7, 8, 10, 11, 12, 16, 17, 19, 22, 25, 26]","[0, 1, 2, 6, 7, 8, 10, 11, 12, 16, 17, 19, 21, 22, 23, 25, 26]","[0, 1, 2, 4, 5, 6, 7, 8, 10, 11, 12, 13, 14, 15, 16, 17, 18, 19, 21, 22, 23, 24, 25, 26]",27,"[0. 0. 1. 0. 0. 0. 0. 0. 1. 0. 0. 0. 1. 1. 1. 0. 1. 0. 0. 1. 0. 1. 0. 0.
 1. 1. 0.]","[0. 1. 1. 1. 1. 1. 1. 0. 1. 0. 0. 0. 1. 1. 1. 0. 1. 0. 0. 1. 0. 1. 0. 0.
 1. 1. 0.]","[0. 1. 1. 1. 1. 0. 0. 1. 1. 0. 1. 0. 1. 1. 1. 0. 1. 0. 0. 1. 0. 1. 0. 0.
 1. 1. 0.]",[ 1  2  3  4  8 12 13 14 16 19 21 24 25],13
H04,"[0.7448462, 0.5904658, 0.6550852, 0.5163922, 0.35349846, 0.63007855, 0.5717586, 0.64067173, 0.6931684, 0.5842719, 0.20048112, 0.3211604, 0.35031283, 0.4103091, 0.29696846, 0.52518356, 0.62649757, 0.584132, 0.6076167, 0.597011, 0.6293059, 0.53578335, 0.8561407, 0.52242595, 0.5826011, 0.34718144, 0.6084297, 0.6478192, 0.61967033, 0.70794094, 0.479996, 0.7385524, 0.6779459, 0.15756781]","[1, 4, 10, 11, 14, 18, 25, 30, 33]","[1, 7, 10, 11, 14, 18, 25, 30, 33]","[0, 1, 2, 3, 4, 5, 6, 7, 8, 9, 10, 11, 12, 13, 14, 15, 16, 17, 18, 19, 20, 21, 22, 23, 24, 25, 26, 27, 28, 29, 30, 31, 32, 33]",9,9,34,"[4, 10, 11, 12, 13, 14, 25, 33]","[4, 10, 11, 12, 13, 14, 25, 33]","[10, 11, 14, 25, 33]","[3, 4, 10, 11, 12, 13, 14, 15, 21, 23, 25, 30, 33]","[1, 3, 4, 10, 14, 23, 25, 30, 33]","[1, 3, 4, 10, 14, 21, 23, 25, 30, 33]","[1, 3, 4, 10, 14, 21, 23, 25, 30, 33]","[0, 1, 3, 4, 9, 10, 14, 21, 23, 25, 30, 33]","[0, 1, 2, 3, 4, 6, 7, 8, 9, 10, 14, 17, 18, 19, 20, 21, 23, 24, 25, 28, 29, 30, 32, 33]","[0, 1, 2, 3, 4, 5, 6, 7, 8, 9, 10, 11, 12, 13, 14, 15, 16, 17, 18, 19, 20, 21, 22, 23, 24, 25, 26, 27, 28, 29, 30, 31, 32, 33]",34,"[0. 1. 0. 0. 1. 0. 0. 0. 0. 0. 1. 1. 0. 0. 1. 0. 0. 0. 1. 0. 0. 0. 0. 0.
 0. 1. 0. 0. 0. 0. 1. 0. 0. 1.]","[0. 1. 0. 0. 0. 0. 0. 1. 0. 0. 1. 1. 0. 0. 1. 0. 0. 0. 1. 0. 0. 0. 0. 0.
 0. 1. 0. 0. 0. 0. 1. 0. 0. 1.]","[1. 1. 1. 1. 1. 1. 1. 1. 1. 1. 1. 1. 1. 1. 1. 1. 1. 1. 1. 1. 1. 1. 1. 1.
 1. 1. 1. 1. 1. 1. 1. 1. 1. 1.]",[ 1  4  7 10 11 14 18 25 30 33],10
H05,"[0.7448462, 0.49169788, 0.58924496, 0.51114535, 0.7293768, 0.56822485, 0.6084297, 0.3070342, 0.610081, 0.17154999, 0.08620693, 0.4248852, 0.3731954, 0.6373847, 0.6373847, 0.3648859, 0.5222689, 0.71574754, 0.12020504, 0.11617355, 0.74867225, 0.6293059]","[1, 7, 12, 15, 18, 19]","[1, 7, 12, 15, 18, 19]","[1, 7, 12, 15, 18, 19]",6,6,6,"[7, 9, 10, 11, 12, 15, 18, 19]","[7, 9, 10, 11, 12, 15, 18, 19]","[7, 9, 10, 18, 19]","[7, 9, 10, 11, 12, 15, 18, 19]","[1, 3, 5, 7, 9, 10, 15, 18]","[1, 3, 5, 7, 9, 10, 15, 18, 19]","[1, 3, 5, 7, 9, 10, 15, 18, 19]","[0, 1, 3, 5, 7, 9, 10, 15, 18, 19]","[0, 1, 2, 3, 5, 6, 7, 9, 10, 15, 18, 19]","[0, 1, 2, 3, 4, 5, 6, 7, 8, 9, 10, 12, 13, 14, 15, 16, 17, 18, 19, 21]",22,[0. 1. 0. 0. 0. 0. 0. 1. 0. 0. 0. 0. 1. 0. 0. 1. 0. 0. 1. 1. 0. 0.],[0. 1. 0. 0. 0. 0. 0. 1. 0. 0. 0. 0. 1. 0. 0. 1. 0. 0. 1. 1. 0. 0.],[0. 1. 0. 0. 0. 0. 0. 1. 0. 0. 0. 0. 1. 0. 0. 1. 0. 0. 1. 1. 0. 0.],[ 1  7 12 15 18 19],6
H06,"[0.397066, 0.40163684, 0.37041238, 0.68299663, 0.2800175, 0.0064006834, 0.29691592, 0.7409913, 0.6145538, 0.79107463, 0.65619105, 0.23819247, 0.4609961, 0.51029825, 0.48644212, 0.37578118, 0.5124402, 0.24198124, 0.21080981]","[2, 4, 5, 8, 13, 14, 15, 17, 18]","[0, 2, 4, 5, 8, 13, 14, 15, 17, 18]","[0, 2, 4, 5, 8, 10, 11, 13, 14, 15, 17, 18]",9,10,12,"[0, 1, 2, 4, 5, 6, 11, 12, 15, 17, 18]","[0, 1, 2, 4, 5, 6, 11, 12, 15, 17, 18]","[4, 5, 6, 11, 17, 18]","[0, 1, 2, 4, 5, 6, 11, 15, 17, 18]","[2, 4, 5, 11, 15, 17, 18]","[2, 4, 5, 11, 15, 17, 18]","[2, 4, 5, 11, 15, 17, 18]","[0, 1, 2, 4, 5, 11, 15, 17, 18]","[0, 1, 2, 4, 5, 11, 14, 15, 17, 18]","[0, 1, 2, 3, 4, 5, 8, 9, 10, 11, 12, 13, 14, 15, 16, 17, 18]",19,[0. 0. 1. 0. 1. 1. 0. 0. 1. 0. 0. 0. 0. 1. 1. 1. 0. 1. 1.],[1. 0. 1. 0. 1. 1. 0. 0. 1. 0. 0. 0. 0. 1. 1. 1. 0. 1. 1.],[1. 0. 1. 0. 1. 1. 0. 0. 1. 0. 1. 1. 0. 1. 1. 1. 0. 1. 1.],[ 0  2  4  5  8 13 14 15 17 18],10
H07,"[0.20789503, 0.19511057, 0.39268026, 0.43672165, 0.5455193, 0.5636214, 0.7448462, 0.5217317, 0.62534505, 0.40033498, 0.28888336, 0.56705475, 0.5913198, 0.30325192, 0.74432695, 0.52518356, 0.47216064, 0.2546453, 0.40230468, 0.59303623, 0.52946275, 0.60897505, 0.53933126, 0.4419978, 0.3315404, 0.2978459, 0.19332792, 0.31263414, 0.09766844, 0.36989295, 0.678135, 0.41440368, 0.082035124, 0.42967343, 0.35103622, 0.6834439, 0.50137925, 0.16879317, 0.30328614]","[0, 1, 5, 7, 13, 17, 24, 25, 26, 27, 28, 34, 37, 38]","[0, 1, 3, 5, 7, 13, 17, 24, 25, 26, 27, 28, 29, 34, 35, 36, 37, 38]","[0, 1, 3, 5, 7, 13, 17, 19, 22, 23, 24, 25, 26, 27, 28, 34, 38]",14,18,17,"[0, 1, 2, 3, 9, 10, 13, 17, 18, 23, 24, 25, 26, 27, 28, 29, 31, 32, 33, 34, 37, 38]","[0, 1, 2, 3, 9, 10, 13, 16, 17, 18, 23, 24, 25, 26, 27, 28, 29, 31, 32, 33, 34, 37, 38]","[0, 1, 10, 13, 17, 24, 25, 26, 27, 28, 32, 37, 38]","[0, 1, 2, 9, 10, 13, 17, 18, 24, 25, 26, 27, 28, 29, 31, 32, 34, 37, 38]","[1, 9, 10, 13, 16, 17, 23, 24, 25, 26, 28, 32, 37]","[1, 9, 10, 13, 16, 17, 23, 24, 25, 26, 28, 32, 37]","[1, 9, 10, 13, 16, 17, 23, 24, 25, 26, 28, 32, 37]","[0, 1, 9, 10, 13, 15, 16, 17, 23, 24, 25, 26, 28, 32, 37]","[0, 1, 7, 8, 9, 10, 13, 15, 16, 17, 22, 23, 24, 25, 26, 28, 31, 32, 37]","[0, 1, 3, 4, 5, 6, 7, 8, 9, 10, 11, 12, 13, 15, 16, 17, 18, 19, 20, 21, 22, 23, 24, 25, 26, 27, 28, 31, 32, 34, 35, 36, 37, 38]",39,"[1. 1. 0. 0. 0. 1. 0. 1. 0. 0. 0. 0. 0. 1. 0. 0. 0. 1. 0. 0. 0. 0. 0. 0.
 1. 1. 1. 1. 1. 0. 0. 0. 0. 0. 1. 0. 0. 1. 1.]","[1. 1. 0. 1. 0. 1. 0. 1. 0. 0. 0. 0. 0. 1. 0. 0. 0. 1. 0. 0. 0. 0. 0. 0.
 1. 1. 1. 1. 1. 1. 0. 0. 0. 0. 1. 1. 1. 1. 1.]","[1. 1. 0. 1. 0. 1. 0. 1. 0. 0. 0. 0. 0. 1. 0. 0. 0. 1. 0. 1. 0. 0. 1. 1.
 1. 1. 1. 1. 1. 0. 0. 0. 0. 0. 1. 0. 0. 0. 1.]",[ 0  1  3  5  7 13 17 24 25 26 27 28 34 37 38],15
H08,"[0.23307438, 0.41493228, 0.37674335, 0.36214146, 0.53161085, 0.7448462, 0.6141698, 0.634931, 0.79107463, 0.4654335, 0.5541865, 0.3452802, 0.6004728, 0.74432695, 0.65009874, 0.74574417, 0.677514, 0.37194303, 0.23901875, 0.5029308, 0.23241954, 0.24372233, 0.123032376, 0.5636398, 0.64008325, 0.6296985, 0.6293059, 0.4449057, 0.5117206, 0.7541941, 0.5346792, 0.41968125]","[0, 1, 2, 4, 6, 9, 11, 12, 17, 20, 22, 23, 27, 30, 31]","[0, 1, 2, 3, 4, 7, 9, 11, 17, 20, 22, 23, 27, 31]","[0, 1, 2, 4, 6, 9, 11, 12, 18, 20, 22, 23, 25, 27, 28, 30, 31]",15,14,17,"[0, 1, 2, 3, 11, 17, 18, 20, 21, 22, 27, 31]","[0, 1, 2, 3, 9, 11, 17, 18, 20, 21, 22, 27, 31]","[0, 11, 18, 20, 21, 22]","[0, 1, 2, 3, 9, 11, 17, 18, 19, 20, 21, 22, 27, 31]","[9, 11, 17, 18, 20, 22, 27, 30, 31]","[9, 11, 17, 18, 20, 22, 27, 30, 31]","[9, 11, 17, 18, 20, 22, 27, 30, 31]","[0, 9, 11, 17, 18, 20, 21, 22, 27, 30, 31]","[0, 2, 3, 6, 7, 8, 9, 10, 11, 14, 15, 16, 17, 18, 20, 21, 22, 27, 28, 30, 31]","[0, 1, 2, 3, 4, 5, 6, 7, 8, 9, 10, 11, 12, 13, 14, 15, 16, 17, 18, 20, 21, 22, 24, 25, 26, 27, 28, 29, 30, 31]",32,"[1. 1. 1. 0. 1. 0. 1. 0. 0. 1. 0. 1. 1. 0. 0. 0. 0. 1. 0. 0. 1. 0. 1. 1.
 0. 0. 0. 1. 0. 0. 1. 1.]","[1. 1. 1. 1. 1. 0. 0. 1. 0. 1. 0. 1. 0. 0. 0. 0. 0. 1. 0. 0. 1. 0. 1. 1.
 0. 0. 0. 1. 0. 0. 0. 1.]","[1. 1. 1. 0. 1. 0. 1. 0. 0. 1. 0. 1. 1. 0. 0. 0. 0. 0. 1. 0. 1. 0. 1. 1.
 0. 1. 0. 1. 1. 0. 1. 1.]",[ 0  1  2  4  6  9 11 12 17 20 22 23 27 30 31],15
H09,"[0.7448462, 0.3912735, 0.6221977, 0.64067173, 0.17415258, 0.099041596, 0.16799776, 0.13244998, 0.37540212, 0.6478192, 0.35042936, 0.41586635, 0.44102257, 0.6221977, 0.62045306, 0.4943677, 0.20517011, 0.42540014, 0.44786787, 0.45560047]","[1, 4, 6, 7, 10, 16, 19]","[1, 4, 7, 10, 13, 14, 15, 16, 19]","[1, 4, 6, 7, 10, 11, 12, 15, 16, 19]",7,9,10,"[1, 4, 5, 6, 7, 8, 10, 11, 12, 16, 17, 18, 19]","[1, 4, 5, 6, 7, 8, 10, 11, 12, 16, 17, 18, 19]","[4, 5, 6, 7, 16]","[1, 4, 5, 6, 7, 8, 10, 11, 16]","[1, 4, 5, 16]","[1, 4, 5, 7, 10, 16]","[1, 4, 5, 7, 10, 16]","[0, 1, 4, 5, 7, 10, 15, 16]","[0, 1, 4, 5, 7, 10, 11, 12, 14, 15, 16]","[0, 1, 2, 3, 4, 5, 6, 7, 10, 11, 12, 13, 14, 15, 16, 18, 19]",20,[0. 1. 0. 0. 1. 0. 1. 1. 0. 0. 1. 0. 0. 0. 0. 0. 1. 0. 0. 1.],[0. 1. 0. 0. 1. 0. 0. 1. 0. 0. 1. 0. 0. 1. 1. 1. 1. 0. 0. 1.],[0. 1. 0. 0. 1. 0. 1. 1. 0. 0. 1. 1. 1. 0. 0. 1. 1. 0. 0. 1.],[ 1  4  6  7 10 15 16 19],8
H10,"[0.09611041, 0.12342284, 0.5330624, 0.24308866, 0.603223, 0.67054516, 0.74867225, 0.72332627, 0.4926276, 0.7448462, 0.44853747, 0.58268607, 0.732485, 0.34425002, 0.65414184, 0.21568246, 0.38425937, 0.3774434, 0.3691603, 0.5163922, 0.41235912, 0.39750707, 0.41631237, 0.11456178]","[5, 8, 13, 15, 17, 20, 21, 23]","[0, 1, 3, 5, 8, 12, 13, 15, 18, 20, 21, 23]","[0, 1, 3, 5, 8, 10, 13, 15, 18, 20, 21, 23]",8,12,12,"[0, 1, 3, 10, 13, 15, 16, 17, 18, 20, 21, 22, 23]","[0, 1, 3, 10, 13, 15, 16, 17, 18, 20, 21, 22, 23]","[0, 1, 3, 13, 15, 23]","[0, 1, 3, 10, 13, 15, 16, 17, 18, 20, 21, 22, 23]","[13, 15, 23]","[10, 13, 15, 23]","[10, 13, 15, 23]","[0, 3, 8, 10, 13, 15, 21, 22, 23]","[0, 3, 8, 10, 13, 15, 18, 20, 21, 22, 23]","[0, 1, 3, 5, 6, 7, 8, 9, 10, 11, 12, 13, 14, 15, 16, 17, 18, 19, 20, 21, 22, 23]",24,[0. 0. 0. 0. 0. 1. 0. 0. 1. 0. 0. 0. 0. 1. 0. 1. 0. 1. 0. 0. 1. 1. 0. 1.],[1. 1. 0. 1. 0. 1. 0. 0. 1. 0. 0. 0. 1. 1. 0. 1. 0. 0. 1. 0. 1. 1. 0. 1.],[1. 1. 0. 1. 0. 1. 0. 0. 1. 0. 1. 0. 0. 1. 0. 1. 0. 0. 1. 0. 1. 1. 0. 1.],[ 0  1  3  5  8 13 15 18 20 21 23],11
H11,"[0.7448462, 0.39475888, 0.45993972, 0.45820695, 0.26211146, 0.60897505, 0.32381848, 0.81770056, 0.39979777, 0.03989966, 0.74574417, 0.82900596, 0.6671587, 0.7375954, 0.40647715, 0.6311431, 0.24414092, 0.5951323, 0.5625098, 0.57499313, 0.5558758, 0.44776672, 0.64008325, 0.6754156, 0.29077643, 0.6581484, 0.48494244, 0.23621662]","[1, 3, 4, 6, 9, 16, 19, 21, 24]","[1, 2, 3, 4, 6, 9, 14, 16, 19, 21, 24]","[1, 3, 4, 6, 9, 16, 19, 21, 23, 24]",9,11,10,"[1, 2, 3, 4, 6, 8, 9, 14, 16, 21, 24, 27]","[1, 2, 3, 4, 6, 8, 9, 14, 16, 21, 24, 27]","[4, 6, 9, 16, 24, 27]","[1, 2, 3, 4, 6, 8, 9, 14, 16, 21, 24, 26, 27]","[1, 4, 6, 8, 9, 14, 16, 21, 24, 27]","[1, 4, 6, 8, 9, 14, 16, 21, 24, 27]","[1, 4, 6, 8, 9, 14, 16, 21, 24, 27]","[0, 1, 4, 6, 8, 9, 14, 16, 21, 24, 26, 27]","[0, 1, 2, 3, 4, 6, 8, 9, 12, 13, 14, 16, 19, 20, 21, 23, 24, 26, 27]","[0, 1, 2, 3, 4, 6, 8, 9, 12, 13, 14, 15, 16, 18, 19, 20, 21, 22, 23, 24, 26, 27]",28,"[0. 1. 0. 1. 1. 0. 1. 0. 0. 1. 0. 0. 0. 0. 0. 0. 1. 0. 0. 1. 0. 1. 0. 0.
 1. 0. 0. 0.]","[0. 1. 1. 1. 1. 0. 1. 0. 0. 1. 0. 0. 0. 0. 1. 0. 1. 0. 0. 1. 0. 1. 0. 0.
 1. 0. 0. 0.]","[0. 1. 0. 1. 1. 0. 1. 0. 0. 1. 0. 0. 0. 0. 0. 0. 1. 0. 0. 1. 0. 1. 0. 1.
 1. 0. 0. 0.]",[ 1  3  4  6  9 16 19 21 24],9
H12,"[0.7448462, 0.31872505, 0.44659236, 0.68466216, 0.53951037, 0.597011, 0.30886713, 0.6116906, 0.44993562, 0.5160783, 0.5826011, 0.6296985, 0.26123583, 0.29510656, 0.74432695, 0.5494952, 0.41631237, 0.48925617, 0.37683016]","[1, 4, 6, 12, 13, 17, 18]","[1, 4, 6, 8, 9, 12, 13, 17, 18]","[1, 2, 4, 6, 8, 9, 12, 13, 17, 18]",7,9,10,"[1, 2, 6, 8, 12, 13, 16, 18]","[1, 2, 6, 8, 12, 13, 16, 18]","[1, 6, 12, 13]","[1, 2, 6, 8, 12, 13, 16, 17, 18]","[1, 6, 12, 16, 18]","[1, 6, 8, 12, 16, 18]","[1, 6, 8, 12, 16, 18]","[0, 1, 6, 8, 12, 16, 18]","[0, 1, 4, 5, 6, 8, 9, 10, 11, 12, 13, 15, 16, 17, 18]","[0, 1, 2, 3, 4, 5, 6, 7, 8, 9, 10, 11, 12, 13, 15, 16, 17, 18]",19,[0. 1. 0. 0. 1. 0. 1. 0. 0. 0. 0. 0. 1. 1. 0. 0. 0. 1. 1.],[0. 1. 0. 0. 1. 0. 1. 0. 1. 1. 0. 0. 1. 1. 0. 0. 0. 1. 1.],[0. 1. 1. 0. 1. 0. 1. 0. 1. 1. 0. 0. 1. 1. 0. 0. 0. 1. 1.],[ 1  4  6  8  9 12 13 17 18],9
H13,"[0.47800758, 0.16355708, 0.36922368, 0.33158532, 0.2845499, 0.49169788, 0.7448462, 0.5183823, 0.40551132, 0.3044889, 0.5159055, 0.56382775, 0.24699634, 0.597011, 0.74867225, 0.4379899, 0.5266258, 0.3586491, 0.40192816, 0.63742405, 0.5300859, 0.48046786, 0.24801414]","[1, 2, 4, 7, 9, 10, 12, 15, 17, 18]","[0, 1, 3, 4, 9, 10, 12, 15, 17, 18, 22]","[1, 2, 4, 5, 9, 10, 12, 15, 17, 18, 21, 22]",10,11,12,"[1, 2, 3, 4, 8, 9, 12, 15, 17, 18, 22]","[1, 2, 3, 4, 8, 9, 12, 15, 17, 18, 22]","[1, 3, 4, 9, 12, 22]","[1, 2, 3, 4, 8, 9, 12, 15, 17, 18, 22]","[1, 9, 12, 15, 17, 22]","[1, 4, 8, 9, 12, 15, 17, 22]","[1, 4, 8, 9, 12, 15, 17, 21, 22]","[0, 1, 4, 7, 8, 9, 12, 15, 17, 21, 22]","[0, 1, 3, 4, 7, 8, 9, 12, 15, 16, 17, 18, 20, 21, 22]","[0, 1, 3, 4, 5, 6, 7, 8, 9, 10, 11, 12, 14, 15, 16, 17, 18, 19, 20, 21, 22]",23,[0. 1. 1. 0. 1. 0. 0. 1. 0. 1. 1. 0. 1. 0. 0. 1. 0. 1. 1. 0. 0. 0. 0.],[1. 1. 0. 1. 1. 0. 0. 0. 0. 1. 1. 0. 1. 0. 0. 1. 0. 1. 1. 0. 0. 0. 1.],[0. 1. 1. 0. 1. 1. 0. 0. 0. 1. 1. 0. 1. 0. 0. 1. 0. 1. 1. 0. 0. 1. 1.],[ 1  2  4  9 10 12 15 17 18 22],10
H14,"[0.7448462, 0.3912735, 0.6221977, 0.5090956, 0.42995715, 0.634931, 0.48237517, 0.6214146, 0.8418285, 0.34029648, 0.44651696, 0.4290231, 0.5150861, 0.52536756, 0.26729724, 0.74432695, 0.60440975, 0.2448554, 0.311481, 0.34820828, 0.58921456, 0.5258601, 0.5463607]","[0, 1, 2, 3, 4, 5, 6, 7, 8, 9, 10, 11, 12, 13, 14, 15, 16, 17, 18, 19, 20, 21, 22]","[1, 3, 4, 6, 9, 10, 14, 16, 17, 18, 19, 22]","[1, 4, 6, 9, 10, 14, 17, 18, 21, 22]",23,12,10,"[1, 4, 9, 10, 11, 14, 17, 18, 19]","[1, 4, 9, 10, 11, 14, 17, 18, 19]","[9, 14, 17, 18]","[1, 3, 4, 6, 9, 10, 11, 14, 17, 18, 19]","[1, 4, 6, 9, 14, 17]","[1, 4, 6, 9, 14, 17]","[1, 4, 6, 9, 14, 17]","[0, 1, 3, 4, 6, 9, 14, 17]","[0, 1, 3, 4, 6, 9, 11, 12, 13, 14, 16, 17]","[0, 1, 2, 3, 4, 5, 6, 7, 8, 9, 10, 11, 12, 13, 14, 16, 17, 18, 19, 20, 21, 22]",23,[1. 1. 1. 1. 1. 1. 1. 1. 1. 1. 1. 1. 1. 1. 1. 1. 1. 1. 1. 1. 1. 1. 1.],[0. 1. 0. 1. 1. 0. 1. 0. 0. 1. 1. 0. 0. 0. 1. 0. 1. 1. 1. 1. 0. 0. 1.],[0. 1. 0. 0. 1. 0. 1. 0. 0. 1. 1. 0. 0. 0. 1. 0. 0. 1. 1. 0. 0. 1. 1.],[ 1  3  4  6  9 10 14 16 17 18 19 21 22],13
H15,"[0.7448462, 0.56594735, 0.31554955, 0.36745226, 0.31541735, 0.39455527, 0.5153186, 0.72332627, 0.64008325, 0.52140725, 0.16752568, 0.3819537, 0.2682232, 0.17792295, 0.25350302, 0.6221977, 0.42864388, 0.4103091, 0.339404, 0.44490358, 0.6719003, 0.21299908, 0.32455242, 0.4092388, 0.38613737, 0.48188773, 0.4899562, 0.35740867, 0.6538619]","[1, 2, 3, 4, 6, 9, 10, 13, 14, 16, 19, 22, 23, 24]","[1, 2, 6, 9, 10, 13, 14, 16, 19, 22, 23, 26]","[1, 2, 3, 4, 6, 7, 9, 10, 13, 14, 16, 19, 20, 21, 22, 23, 24, 26]",14,12,18,"[2, 3, 4, 5, 10, 11, 12, 13, 14, 16, 17, 18, 19, 21, 22, 23, 24, 27]","[2, 3, 4, 5, 10, 11, 12, 13, 14, 16, 17, 18, 19, 21, 22, 23, 24, 27]","[2, 4, 10, 12, 13, 14, 18, 21, 22]","[2, 3, 4, 5, 10, 11, 12, 13, 14, 16, 17, 18, 21, 22, 23, 24, 27]","[1, 2, 4, 10, 13, 18, 21, 27]","[1, 2, 4, 10, 12, 13, 18, 21, 27]","[1, 2, 4, 10, 12, 13, 18, 21, 27]","[0, 1, 2, 4, 9, 10, 12, 13, 18, 21, 27]","[0, 1, 2, 3, 4, 9, 10, 12, 13, 16, 17, 18, 21, 24, 25, 26, 27]","[0, 1, 2, 3, 4, 5, 6, 7, 8, 9, 10, 12, 13, 14, 16, 17, 18, 19, 20, 21, 22, 23, 24, 25, 26, 27, 28]",29,"[0. 1. 1. 1. 1. 0. 1. 0. 0. 1. 1. 0. 0. 1. 1. 0. 1. 0. 0. 1. 0. 0. 1. 1.
 1. 0. 0. 0. 0.]","[0. 1. 1. 0. 0. 0. 1. 0. 0. 1. 1. 0. 0. 1. 1. 0. 1. 0. 0. 1. 0. 0. 1. 1.
 0. 0. 1. 0. 0.]","[0. 1. 1. 1. 1. 0. 1. 1. 0. 1. 1. 0. 0. 1. 1. 0. 1. 0. 0. 1. 1. 1. 1. 1.
 1. 0. 1. 0. 0.]",[ 1  2  3  4  6  9 10 13 14 16 19 22 23 24 26],15
H16,"[0.5573556, 0.4130248, 0.4160604, 0.58208144, 0.38297787, 0.24357828, 0.6214719, 0.38372245, 0.41926172, 0.5527509, 0.28228262, 0.3557743, 0.53337306, 0.27637416, 0.46405736, 0.52850264, 0.26340514, 0.65619105, 0.5975576, 0.43948594, 0.3452075, 0.7089244, 0.46850723, 0.8418285, 0.49145806, 0.7139241, 0.6293059, 0.37674582, 0.50513357, 0.42540014, 0.5913198, 0.6538083, 0.61788535, 0.67231566, 0.22201572]","[1, 2, 3, 4, 5, 7, 10, 13, 16, 20, 24, 27]","[1, 4, 5, 7, 10, 13, 16, 20, 22, 24, 27, 32]","[1, 2, 3, 4, 5, 7, 10, 13, 14, 16, 20, 22, 24, 27]",12,12,14,"[1, 2, 4, 5, 7, 8, 10, 11, 13, 14, 16, 19, 20, 27, 29, 34]","[1, 2, 4, 5, 7, 8, 10, 11, 13, 14, 16, 19, 20, 22, 27, 29, 34]","[5, 10, 13, 16, 20, 34]","[1, 2, 4, 5, 7, 8, 10, 11, 13, 14, 16, 19, 20, 22, 24, 27, 29, 34]","[1, 4, 5, 7, 10, 13, 16, 19, 20, 22, 24, 27, 34]","[1, 4, 5, 7, 10, 13, 16, 19, 20, 22, 24, 27, 29, 34]","[1, 4, 5, 7, 10, 13, 16, 19, 20, 22, 24, 27, 29, 34]","[0, 1, 2, 4, 5, 7, 10, 13, 16, 19, 20, 22, 24, 26, 27, 29, 34]","[0, 1, 2, 4, 5, 7, 8, 10, 13, 16, 19, 20, 22, 24, 26, 27, 29, 32, 33, 34]","[0, 1, 2, 3, 4, 5, 7, 8, 9, 10, 11, 12, 13, 14, 15, 16, 18, 19, 20, 22, 23, 24, 25, 26, 27, 28, 29, 30, 31, 32, 33, 34]",35,"[0. 1. 1. 1. 1. 1. 0. 1. 0. 0. 1. 0. 0. 1. 0. 0. 1. 0. 0. 0. 1. 0. 0. 0.
 1. 0. 0. 1. 0. 0. 0. 0. 0. 0. 0.]","[0. 1. 0. 0. 1. 1. 0. 1. 0. 0. 1. 0. 0. 1. 0. 0. 1. 0. 0. 0. 1. 0. 1. 0.
 1. 0. 0. 1. 0. 0. 0. 0. 1. 0. 0.]","[0. 1. 1. 1. 1. 1. 0. 1. 0. 0. 1. 0. 0. 1. 1. 0. 1. 0. 0. 0. 1. 0. 1. 0.
 1. 0. 0. 1. 0. 0. 0. 0. 0. 0. 0.]",[ 1  2  3  4  5  7 10 13 16 20 22 24 27],13
H17,"[0.3940916, 0.7448462, 0.5272201, 0.41381457, 0.5374621, 0.32264698, 0.40892828, 0.34237185, 0.878588, 0.16706726, 0.30477634, 0.9180624, 0.060833886, 0.001195139, 0.4419158, 0.4432147, 0.3432345, 0.2855635, 0.16736583, 0.19930908, 0.39117876, 0.74432695, 0.721103, 0.46508557, 0.46800452, 0.4406301, 0.50788736, 0.6886178, 0.488088, 0.5135151, 0.41652805, 0.71382064, 0.6538083, 0.90164226, 0.32786724, 0.11164749, 0.1253971, 0.67313445, 0.35133556, 0.2661999, 0.56382716, 0.5103882, 0.18706141]","[0, 2, 3, 6, 13, 14, 20, 22, 23, 28, 34, 38, 39, 42]","[0, 1, 2, 3, 4, 5, 6, 13, 14, 15, 16, 20, 28, 34, 38, 39, 42]","[0, 2, 3, 5, 6, 9, 13, 14, 15, 16, 20, 22, 23, 28, 34, 35, 38, 39, 42]",14,17,19,"[0, 3, 5, 6, 7, 9, 10, 12, 13, 14, 15, 16, 17, 18, 19, 20, 25, 30, 34, 35, 36, 38, 39, 42]","[0, 3, 5, 6, 7, 9, 10, 12, 13, 14, 15, 16, 17, 18, 19, 20, 23, 24, 25, 30, 34, 35, 36, 38, 39, 42]","[5, 7, 9, 10, 12, 13, 16, 17, 18, 19, 34, 35, 36, 39, 42]","[0, 3, 5, 6, 7, 9, 10, 12, 13, 14, 15, 16, 17, 18, 19, 20, 25, 30, 34, 35, 36, 38, 39, 42]","[3, 5, 7, 9, 12, 13, 17, 18, 30, 34, 35, 39, 42]","[3, 5, 7, 9, 12, 13, 17, 18, 25, 28, 30, 34, 35, 39, 42]","[3, 5, 7, 9, 12, 13, 17, 18, 25, 28, 30, 34, 35, 39, 42]","[0, 2, 3, 5, 7, 9, 12, 13, 17, 18, 23, 24, 25, 28, 29, 30, 34, 35, 39, 42]","[0, 2, 3, 5, 7, 9, 12, 13, 16, 17, 18, 19, 23, 24, 25, 26, 28, 29, 30, 32, 34, 35, 36, 38, 39, 41, 42]","[0, 1, 2, 3, 4, 5, 6, 7, 9, 10, 12, 13, 16, 17, 18, 19, 20, 21, 22, 23, 24, 25, 26, 27, 28, 29, 30, 31, 32, 33, 34, 35, 36, 38, 39, 41, 42]",43,"[1. 0. 1. 1. 0. 0. 1. 0. 0. 0. 0. 0. 0. 1. 1. 0. 0. 0. 0. 0. 1. 0. 1. 1.
 0. 0. 0. 0. 1. 0. 0. 0. 0. 0. 1. 0. 0. 0. 1. 1. 0. 0. 1.]","[1. 1. 1. 1. 1. 1. 1. 0. 0. 0. 0. 0. 0. 1. 1. 1. 1. 0. 0. 0. 1. 0. 0. 0.
 0. 0. 0. 0. 1. 0. 0. 0. 0. 0. 1. 0. 0. 0. 1. 1. 0. 0. 1.]","[1. 0. 1. 1. 0. 1. 1. 0. 0. 1. 0. 0. 0. 1. 1. 1. 1. 0. 0. 0. 1. 0. 1. 1.
 0. 0. 0. 0. 1. 0. 0. 0. 0. 0. 1. 1. 0. 0. 1. 1. 0. 0. 1.]",[ 0  2  3  5  6 13 14 15 16 20 22 23 28 34 38 39 42],17
H18,"[0.67393255, 0.50799716, 0.37540212, 0.58924496, 0.66026866, 0.70794094, 0.56822485, 0.28675044, 0.339404, 0.55132884, 0.60238343, 0.73571503, 0.62045306, 0.38464946, 0.4100214, 0.597011, 0.6293059, 0.60708046, 0.7385524, 0.5621014, 0.6781941, 0.28481662, 0.3110165]","[7, 8, 13, 19, 21]","[1, 8, 13, 14, 19, 21]","[1, 8, 13, 14, 19, 21]",5,6,6,"[2, 7, 8, 13, 14, 21, 22]","[2, 7, 8, 13, 14, 21, 22]","[7, 8, 21, 22]","[1, 2, 7, 8, 13, 14, 21, 22]","[1, 2, 7, 13, 21]","[1, 2, 6, 7, 13, 21]","[1, 2, 6, 7, 13, 21]","[0, 1, 2, 6, 7, 13, 19, 21]","[0, 1, 2, 6, 7, 8, 12, 13, 14, 16, 17, 18, 19, 20, 21, 22]","[0, 1, 2, 3, 4, 5, 6, 7, 8, 9, 10, 11, 12, 13, 14, 15, 16, 17, 18, 19, 20, 21, 22]",23,[0. 0. 0. 0. 0. 0. 0. 1. 1. 0. 0. 0. 0. 1. 0. 0. 0. 0. 0. 1. 0. 1. 0.],[0. 1. 0. 0. 0. 0. 0. 0. 1. 0. 0. 0. 0. 1. 1. 0. 0. 0. 0. 1. 0. 1. 0.],[0. 1. 0. 0. 0. 0. 0. 0. 1. 0. 0. 0. 0. 1. 1. 0. 0. 0. 0. 1. 0. 1. 0.],[ 1  8 13 14 19 21],6
H19,"[0.7448462, 0.53326535, 0.6483334, 0.8418285, 0.7293768, 0.39669904, 0.6221977, 0.5374621, 0.74432695, 0.25340566, 0.5036283, 0.70294523, 0.37251, 0.8351302, 0.3861754, 0.32850698, 0.5527509, 0.56022865, 0.73571503, 0.63007855, 0.3701947, 0.5464319, 0.65414184, 0.52981055, 0.34551838, 0.71382064, 0.28888336]","[5, 9, 12, 14, 17, 20, 24]","[5, 9, 12, 14, 17, 20, 24]","[1, 2, 5, 7, 9, 12, 14, 17, 20, 24]",7,7,10,"[5, 9, 12, 14, 15, 20, 24, 26]","[5, 9, 12, 14, 15, 20, 24, 26]","[9, 15, 24, 26]","[1, 5, 7, 9, 10, 12, 14, 15, 16, 20, 21, 23, 24, 26]","[1, 5, 9, 12, 14, 15, 20, 24, 26]","[1, 5, 9, 12, 14, 15, 20, 24, 26]","[1, 5, 9, 12, 14, 15, 20, 24, 26]","[0, 1, 5, 9, 12, 14, 15, 20, 23, 24, 26]","[0, 1, 2, 4, 5, 7, 9, 12, 14, 15, 19, 20, 23, 24, 26]","[0, 1, 2, 3, 4, 5, 6, 7, 8, 9, 10, 11, 12, 14, 15, 16, 17, 18, 19, 20, 21, 22, 23, 24, 26]",27,"[0. 0. 0. 0. 0. 1. 0. 0. 0. 1. 0. 0. 1. 0. 1. 0. 0. 1. 0. 0. 1. 0. 0. 0.
 1. 0. 0.]","[0. 0. 0. 0. 0. 1. 0. 0. 0. 1. 0. 0. 1. 0. 1. 0. 0. 1. 0. 0. 1. 0. 0. 0.
 1. 0. 0.]","[0. 1. 1. 0. 0. 1. 0. 1. 0. 1. 0. 0. 1. 0. 1. 0. 0. 1. 0. 0. 1. 0. 0. 0.
 1. 0. 0.]",[ 5  9 12 14 17 20 24],7
H20,"[0.62045306, 0.64067173, 0.47476107, 0.40560344, 0.53269005, 0.634931, 0.79107463, 0.50012743, 0.6293059, 0.74867225, 0.23113847, 0.2692022, 0.37442657, 0.603223, 0.74432695, 0.41926172, 0.23981178, 0.21115279, 0.23893932, 0.65414184, 0.22515382, 0.3182034, 0.011309065, 0.2797661, 0.4580857]","[2, 3, 4, 7, 10, 11, 12, 16, 18, 20, 21, 22, 23]","[2, 3, 7, 10, 11, 12, 16, 17, 18, 20, 21, 22]","[2, 3, 7, 10, 11, 12, 16, 18, 20, 21, 22, 23]",13,12,12,"[3, 10, 11, 12, 15, 16, 17, 18, 20, 21, 22, 23, 24]","[3, 10, 11, 12, 15, 16, 17, 18, 20, 21, 22, 23, 24]","[10, 11, 16, 17, 18, 20, 21, 22, 23]","[3, 10, 11, 12, 15, 16, 17, 18, 20, 21, 22, 23]","[2, 3, 7, 10, 15, 16, 17, 20, 22]","[2, 3, 7, 10, 15, 16, 17, 20, 22]","[2, 3, 7, 10, 15, 16, 17, 20, 22]","[0, 1, 2, 3, 7, 10, 15, 16, 17, 20, 22]","[0, 1, 2, 3, 7, 10, 11, 15, 16, 17, 18, 20, 22]","[0, 1, 2, 3, 4, 5, 6, 7, 8, 9, 10, 11, 12, 13, 14, 15, 16, 17, 18, 20, 21, 22]",25,"[0. 0. 1. 1. 1. 0. 0. 1. 0. 0. 1. 1. 1. 0. 0. 0. 1. 0. 1. 0. 1. 1. 1. 1.
 0.]","[0. 0. 1. 1. 0. 0. 0. 1. 0. 0. 1. 1. 1. 0. 0. 0. 1. 1. 1. 0. 1. 1. 1. 0.
 0.]","[0. 0. 1. 1. 0. 0. 0. 1. 0. 0. 1. 1. 1. 0. 0. 0. 1. 0. 1. 0. 1. 1. 1. 1.
 0.]",[ 2  3  7 10 11 12 16 18 20 21 22 23],12
H21,"[0.67393255, 0.40528724, 0.32145292, 0.56970555, 0.6781292, 0.38088253, 0.65414184, 0.39013743, 0.74432695, 0.45993972, 0.55132884, 0.44034177, 0.63007855, 0.64486176, 0.40221724, 0.50788736, 0.4327001, 0.18719265, 0.12738846, 0.26333433, 0.07262844, 0.07262844, 0.5153186, 0.4288165, 0.3353386, 0.8036469, 0.444095, 0.6293059, 0.26252648, 0.2686547, 0.65619105, 0.40426084, 0.3949758, 0.11041718, 0.7111159]","[2, 5, 7, 14, 18, 22, 26, 29, 31, 32, 33]","[2, 5, 7, 9, 14, 18, 22, 29, 31, 33, 34]","[1, 2, 3, 4, 5, 7, 14, 18, 22, 26, 28, 29, 31, 32, 33]",11,11,15,"[1, 2, 5, 7, 9, 11, 14, 16, 17, 18, 19, 20, 21, 23, 24, 26, 28, 29, 31, 32, 33]","[1, 2, 5, 7, 9, 11, 14, 16, 17, 18, 19, 20, 21, 23, 24, 26, 28, 29, 31, 32, 33]","[2, 17, 18, 19, 20, 21, 24, 28, 29, 33]","[1, 2, 5, 7, 11, 14, 16, 17, 18, 19, 20, 21, 23, 24, 26, 28, 29, 31, 32, 33]","[1, 2, 5, 7, 9, 11, 14, 16, 17, 18, 20, 28, 33]","[1, 2, 5, 7, 9, 11, 14, 16, 17, 18, 20, 28, 32, 33]","[1, 2, 5, 7, 9, 11, 14, 16, 17, 18, 20, 28, 32, 33]","[0, 1, 2, 5, 7, 9, 11, 14, 16, 17, 18, 20, 21, 24, 26, 28, 29, 31, 32, 33]","[0, 1, 2, 5, 7, 9, 10, 11, 13, 14, 16, 17, 18, 20, 21, 24, 26, 28, 29, 31, 32, 33]","[0, 1, 2, 3, 4, 5, 6, 7, 8, 9, 10, 11, 12, 13, 14, 15, 16, 17, 18, 20, 21, 23, 24, 26, 27, 28, 29, 31, 32, 33]",35,"[0. 0. 1. 0. 0. 1. 0. 1. 0. 0. 0. 0. 0. 0. 1. 0. 0. 0. 1. 0. 0. 0. 1. 0.
 0. 0. 1. 0. 0. 1. 0. 1. 1. 1. 0.]","[0. 0. 1. 0. 0. 1. 0. 1. 0. 1. 0. 0. 0. 0. 1. 0. 0. 0. 1. 0. 0. 0. 1. 0.
 0. 0. 0. 0. 0. 1. 0. 1. 0. 1. 1.]","[0. 1. 1. 1. 1. 1. 0. 1. 0. 0. 0. 0. 0. 0. 1. 0. 0. 0. 1. 0. 0. 0. 1. 0.
 0. 0. 1. 0. 1. 1. 0. 1. 1. 1. 0.]",[ 2  5  7 14 18 22 26 29 31 32 33],11
